{"stats":{"minecraft:custom":{"minecraft:jump":7,"minecraft:time_since_rest":3495,"minecraft:damage_dealt":10,"minecraft:leave_game":1,"minecraft:sprint_one_cm":82,"minecraft:deaths":1,"minecraft:play_time":3667,"minecraft:damage_taken":240,"minecraft:time_since_death":3467,"minecraft:walk_one_cm":2941,"minecraft:sneak_time":106,"minecraft:total_world_time":3667,"minecraft:drop":3,"minecraft:fall_one_cm":536,"minecraft:fly_one_cm":21778},"minecraft:picked_up":{"minecraft:oak_sapling":1,"minecraft:lead":1},"minecraft:dropped":{"minecraft:lead":2,"minecraft:oak_sapling":1}},"DataVersion":3465}